{
 "YMDZ": {
  "peers": {
   "LDS2": [
    257,
    0.0,
    -3.95,
    -42202569.08430481
   ],
   "BXD1": [
    77,
    0.0,
    -8.43,
    -249484587.2448635
   ],
   "LDS1": [
    230,
    0.0,
    -4.26,
    8718897.206335068
   ]
  }
 },
 "LDS2": {
  "peers": {
   "YMDZ": [
    257,
    0.0,
    3.95,
    42202569.08430481
   ],
   "LDS1": [
    281,
    0.0,
    -0.2,
    50921466.29063988
   ],
   "BXD1": [
    77,
    0.0,
    -4.31,
    -207282028.93019676
   ]
  }
 },
 "LDS1": {
  "peers": {
   "YMDZ": [
    230,
    0.0,
    4.26,
    -8718897.206335068
   ],
   "LDS2": [
    281,
    0.0,
    0.2,
    -50921466.29063988
   ],
   "BXD1": [
    89,
    0.0,
    -4.07,
    -258203496.3741722
   ]
  }
 },
 "BXD1": {
  "peers": {
   "YMDZ": [
    77,
    0.0,
    8.43,
    249484587.2448635
   ],
   "LDS2": [
    77,
    0.0,
    4.31,
    207282028.93019676
   ],
   "LDS1": [
    89,
    0.0,
    4.07,
    258203496.3741722
   ]
  }
 }
}